codeql,value.c,1259,cpp/conversion-changes-sign:1263,2,11,1,5,0.2
codeql,vm.c,1019,cpp/unsigned-comparison-zero:1019,22,467,3,5,0.6
clang,debug.c,581,security.insecureAPI.DeprecatedOrUnsafeBufferHandling:581,32,167,3,5,0.6
codeql,std_json.c,59,cpp/memory-may-not-be-freed:59,3,33,1,5,0.2
codeql,compiler.c,2575,cpp/conversion-changes-sign:2575-cpp/conversion-changes-sign:2576,2,3,1,5,0.2
semgrep-clang,value.c,512,c.lang.security.insecure-use-memset.insecure-use-memset:517-security.insecureAPI.DeprecatedOrUnsafeBufferHandling:517,4,18,3,5,0.6
codeql,debug.c,528,cpp/unsigned-comparison-zero:529,32,167,3,5,0.6
clang,debug.c,534,security.insecureAPI.DeprecatedOrUnsafeBufferHandling:534,32,167,3,5,0.6
flawfinder-codeql-clang,value.c,719,buffer/memcpy:719-security.insecureAPI.DeprecatedOrUnsafeBufferHandling:719-security.insecureAPI.DeprecatedOrUnsafeBufferHandling:724-cpp/missing-null-test:719-cpp/conversion-changes-sign:719-cpp/inconsistent-nullness-testing:719-buffer/memcpy:724,7,36,3,5,0.6
codeql,core.c,1302,cpp/memory-may-not-be-freed:1302,1,13,1,5,0.2
infer,public.c,937,INTEGER_OVERFLOW_L2:937,2,12,2,5,0.4
codeql,value.c,1586,cpp/conversion-changes-sign:1586,14,143,3,5,0.6
codeql,compiler.c,3392,cpp/stack-address-escape:3402,1,37,1,5,0.2
clang,debug.c,438,security.insecureAPI.DeprecatedOrUnsafeBufferHandling:439,32,167,3,5,0.6
flawfinder,value.c,1733,buffer/strlen:1736,14,143,3,5,0.6
codeql,compiler.c,2668,cpp/conversion-changes-sign:2668,3,45,1,5,0.2
codeql,public.c,929,cpp/conversion-changes-sign:930,2,12,2,5,0.4
codeql,value.c,1252,cpp/conversion-changes-sign:1252,2,11,1,5,0.2
flawfinder,term.h,521,format/fprintf:521,1,2,1,5,0.2
infer,core.c,1195,INTEGER_OVERFLOW_L2:1195,1,7,1,5,0.2
codeql,core.c,618,cpp/memory-may-not-be-freed:618,3,16,1,5,0.2
codeql,value.c,882,cpp/unsigned-comparison-zero:882,1,14,1,5,0.2
clang-flawfinder-infer,value.c,854,security.insecureAPI.DeprecatedOrUnsafeBufferHandling:858-BUFFER_OVERRUN_S2:857-BUFFER_OVERRUN_S2:858-security.insecureAPI.DeprecatedOrUnsafeBufferHandling:857-buffer/memcpy:858-buffer/memcpy:857,2,8,3,5,0.6
codeql,core.c,1325,cpp/memory-may-not-be-freed:1327,2,15,1,5,0.2
codeql,core.c,2135,cpp/memory-may-not-be-freed:2137,4,83,2,5,0.4
flawfinder,public.c,1096,format/fprintf:1096,1,2,1,5,0.2
codeql,compiler.c,2801,cpp/conversion-changes-sign:2802,5,77,2,5,0.4
codeql,public.c,223,cpp/memory-may-not-be-freed:223,2,10,2,5,0.4
infer,cJSON.c,1129,INTEGER_OVERFLOW_L2:1129,2,29,1,5,0.2
clang,public.c,645,security.insecureAPI.DeprecatedOrUnsafeBufferHandling:645,1,8,1,5,0.2
codeql,compiler.c,2973,cpp/conversion-changes-sign:2979,2,28,2,5,0.4
codeql,value.c,1240,cpp/conversion-changes-sign:1241,1,5,1,5,0.2
codeql-clang,value.c,30,cpp/conversion-changes-sign:30-security.insecureAPI.DeprecatedOrUnsafeBufferHandling:30,1,1,2,5,0.4
codeql,value.c,535,cpp/conversion-changes-sign:535,4,18,3,5,0.6
codeql,public.c,1058,cpp/memory-may-not-be-freed:1058,1,8,1,5,0.2
flawfinder,cwalk.c,903,buffer/strlen:911-buffer/strlen:912,2,12,1,5,0.2
flawfinder,public.c,1100,format/fprintf:1100,1,2,1,5,0.2
codeql,core.c,586,cpp/memory-may-not-be-freed:586,1,9,1,5,0.2
flawfinder,argparse.h,546,format/fprintf:546,18,48,2,5,0.4
clang,public.c,631,security.insecureAPI.DeprecatedOrUnsafeBufferHandling:631,1,8,1,5,0.2
flawfinder,argparse.h,310,format/fprintf:310,1,5,1,5,0.2
codeql-flawfinder-clang,value.c,46,cpp/conversion-changes-sign:56-security.insecureAPI.DeprecatedOrUnsafeBufferHandling:51-format/snprintf:55-format/snprintf:51-security.insecureAPI.DeprecatedOrUnsafeBufferHandling:55,3,11,3,5,0.6
flawfinder,debug.c,728,format/printf:729-format/printf:733,3,11,1,5,0.2
codeql,core.c,358,cpp/memory-may-not-be-freed:358,4,28,1,5,0.2
codeql,core.c,1354,cpp/conversion-changes-sign:1355,2,11,1,5,0.2
codeql-clang,value.c,33,cpp/conversion-changes-sign:33-security.insecureAPI.DeprecatedOrUnsafeBufferHandling:33,1,1,2,5,0.4
clang-flawfinder,value.c,304,buffer/memcpy:304-security.insecureAPI.DeprecatedOrUnsafeBufferHandling:304,1,5,2,5,0.4
codeql,core.c,1299,cpp/memory-may-not-be-freed:1302,1,13,1,5,0.2
codeql,value.c,39,cpp/conversion-changes-sign:40,1,4,1,5,0.2
flawfinder-clang,vm.c,1285,security.insecureAPI.DeprecatedOrUnsafeBufferHandling:1285-buffer/sprintf:1285,22,467,3,5,0.6
infer,public.c,488,INTEGER_OVERFLOW_L2:489,2,46,2,5,0.4
flawfinder,cJSON.c,1416,buffer/strlen:1416,5,25,3,5,0.6
codeql,public.c,843,cpp/memory-may-not-be-freed:843,1,9,1,5,0.2
codeql,compiler.c,2818,cpp/conversion-changes-sign:2824,5,77,2,5,0.4
codeql-clang,core.c,125,security.insecureAPI.DeprecatedOrUnsafeBufferHandling:125-cpp/global-use-before-init:125,1,1,2,5,0.4
codeql,core.c,2296,cpp/conversion-changes-sign:2296,2,12,1,5,0.2
infer,cJSON.c,1664,INTEGER_OVERFLOW_L2:1664,4,46,2,5,0.4
clang,debug.c,505,security.insecureAPI.DeprecatedOrUnsafeBufferHandling:506,32,167,3,5,0.6
codeql,core.c,1349,cpp/memory-may-not-be-freed:1351,2,11,1,5,0.2
infer,std_path.c,125,BUFFER_OVERRUN_L3:126,2,7,3,5,0.6
codeql,value.c,74,cpp/conversion-changes-sign:77,1,11,1,5,0.2
codeql,term.h,1005,cpp/conversion-changes-sign:1005,6,17,2,5,0.4
infer,compiler.c,2990,INTEGER_OVERFLOW_L2:2991,2,28,2,5,0.4
flawfinder,std_path.c,446,buffer/strlen:446,3,23,3,5,0.6
codeql-clang,debug.c,360,cpp/unsigned-comparison-zero:361-security.insecureAPI.DeprecatedOrUnsafeBufferHandling:365,32,167,3,5,0.6
flawfinder,term.h,492,format/fprintf:492,1,5,1,5,0.2
codeql-flawfinder,argparse.h,520,cpp/conversion-changes-sign:520-format/fprintf:520,18,48,2,5,0.4
clang,debug.c,491,security.insecureAPI.DeprecatedOrUnsafeBufferHandling:495,32,167,3,5,0.6
flawfinder,public.c,216,buffer/strlen:216,2,10,2,5,0.4
flawfinder,core.c,1557,buffer/strlen:1558,1,10,1,5,0.2
codeql,compiler.c,2569,cpp/conversion-changes-sign:2569-cpp/conversion-changes-sign:2570,2,5,1,5,0.2
flawfinder,std_io.c,58,buffer/fgetc:58,1,3,1,5,0.2
flawfinder,term.h,559,buffer/fgetc:559,4,20,2,5,0.4
clang,debug.c,478,security.insecureAPI.DeprecatedOrUnsafeBufferHandling:482,32,167,3,5,0.6
semgrep-clang,value.c,370,security.insecureAPI.DeprecatedOrUnsafeBufferHandling:371-c.lang.security.insecure-use-memset.insecure-use-memset:371,3,28,3,5,0.6
flawfinder,compiler.c,2779,buffer/strlen:2780,5,77,2,5,0.4
flawfinder,cwalk.c,112,buffer/strlen:112,1,2,1,5,0.2
codeql-clang,debug.c,600,security.insecureAPI.DeprecatedOrUnsafeBufferHandling:604-cpp/conversion-changes-sign:604-security.insecureAPI.DeprecatedOrUnsafeBufferHandling:602,32,167,3,5,0.6
infer,public.c,346,INTEGER_OVERFLOW_L2:350,1,14,1,5,0.2
codeql,public.c,1036,cpp/conditionally-uninitialized-variable:1037,2,27,1,5,0.2
infer,std_path.c,406,RESOURCE_LEAK:407,1,18,1,5,0.2
codeql,value.c,1300,cpp/conversion-changes-sign:1301,1,7,1,5,0.2
infer,cJSON.c,1658,INTEGER_OVERFLOW_L2:1659,4,46,2,5,0.4
infer,core.c,1220,INTEGER_OVERFLOW_L2:1220,1,13,1,5,0.2
flawfinder,term.h,557,format/fprintf:557-buffer/fgetc:559,4,20,2,5,0.4
codeql-clang,value.c,34,security.insecureAPI.DeprecatedOrUnsafeBufferHandling:34-cpp/conversion-changes-sign:34,1,1,2,5,0.4
codeql-flawfinder,argparse.h,528,format/fprintf:529-format/fprintf:531-cpp/conversion-changes-sign:531-cpp/conversion-changes-sign:533-cpp/conversion-changes-sign:529-format/fprintf:533,18,48,2,5,0.4
flawfinder-clang,cJSON.c,965,buffer/memcpy:965-security.insecureAPI.DeprecatedOrUnsafeBufferHandling:965,3,45,3,5,0.6
codeql-flawfinder,core.c,751,buffer/strlen:758-cpp/memory-may-not-be-freed:757-buffer/strlen:751,3,8,2,5,0.4
codeql,compiler.c,3007,cpp/conversion-changes-sign:3024,1,15,1,5,0.2
codeql,compiler.c,2287,cpp/conversion-changes-sign:2289,2,19,2,5,0.4
flawfinder,std_io.c,185,misc/fopen:185,2,30,2,5,0.4
flawfinder,argparse.h,497,buffer/strlen:497,18,48,2,5,0.4
semgrep-clang,cJSON.c,243,security.insecureAPI.DeprecatedOrUnsafeBufferHandling:246-c.lang.security.insecure-use-memset.insecure-use-memset:246,1,5,2,5,0.4
codeql,value.c,225,cpp/conversion-changes-sign:225,3,75,1,5,0.2
codeql,vm.c,290,cpp/memory-may-not-be-freed:290,1,24,1,5,0.2
flawfinder-clang,public.c,599,buffer/sprintf:599-security.insecureAPI.DeprecatedOrUnsafeBufferHandling:599,2,10,2,5,0.4
codeql,vm.c,1432,cpp/equality-on-floats:1432,22,467,3,5,0.6
semgrep-clang-flawfinder,std_path.c,79,buffer/strcpy:79-c.lang.security.insecure-use-string-copy-fn.insecure-use-string-copy-fn:79-security.insecureAPI.strcpy:80-security.insecureAPI.strcpy:79-c.lang.security.insecure-use-string-copy-fn.insecure-use-string-copy-fn:80-buffer/strcpy:80,4,6,3,5,0.6
flawfinder,public.c,514,buffer/strlen:514,2,46,2,5,0.4
clang,value.c,573,security.FloatLoopCounter:573,1,8,1,5,0.2
codeql,vm.c,1203,cpp/missing-null-test:1203,22,467,3,5,0.6
flawfinder,value.c,1742,buffer/strlen:1745,14,143,3,5,0.6
codeql,vm.c,465,cpp/memory-may-not-be-freed:471,3,41,2,5,0.4
codeql,compiler.c,934,cpp/return-value-ignored:934,2,62,1,5,0.2
codeql,cJSON.c,2573,cpp/missing-null-test:2573,1,15,1,5,0.2
infer,core.c,1285,INTEGER_OVERFLOW_L2:1286,1,5,1,5,0.2
codeql,term.h,801,cpp/conversion-changes-sign:801,2,9,1,5,0.2
semgrep-clang-flawfinder,cJSON.c,1402,security.insecureAPI.strcpy:1402-buffer/strcpy:1402-c.lang.security.insecure-use-string-copy-fn.insecure-use-string-copy-fn:1402,5,25,3,5,0.6
flawfinder-clang,cJSON.c,563,buffer/sprintf:563-security.insecureAPI.DeprecatedOrUnsafeBufferHandling:563,6,23,3,5,0.6
codeql,term.h,877,cpp/operator-find-incorrectly-used-switch:880,1,27,1,5,0.2
codeql,core.c,1877,cpp/memory-may-not-be-freed:1877,2,11,1,5,0.2
codeql,core.c,2203,cpp/memory-may-not-be-freed:2205,2,27,2,5,0.4
semgrep-clang,value.c,354,security.insecureAPI.DeprecatedOrUnsafeBufferHandling:355-c.lang.security.insecure-use-memset.insecure-use-memset:355,1,7,2,5,0.4
codeql,value.c,1263,cpp/conversion-changes-sign:1263,2,11,1,5,0.2
codeql,compiler.c,2580,cpp/conversion-changes-sign:2580,1,2,1,5,0.2
codeql,vm.c,1027,cpp/unsigned-comparison-zero:1027,22,467,3,5,0.6
infer,public.c,178,INTEGER_OVERFLOW_L1:178,1,10,1,5,0.2
flawfinder-clang,cJSON.c,986,security.insecureAPI.DeprecatedOrUnsafeBufferHandling:1011-buffer/sprintf:1011,3,45,3,5,0.6
codeql,compiler.c,776,cpp/conversion-changes-sign:776,2,55,1,5,0.2
clang,public.c,689,security.insecureAPI.DeprecatedOrUnsafeBufferHandling:689,1,6,1,5,0.2
codeql-flawfinder,term.h,981,buffer/fgetc:983-cpp/conversion-changes-sign:983,6,17,2,5,0.4
clang,debug.c,336,security.insecureAPI.DeprecatedOrUnsafeBufferHandling:337,32,167,3,5,0.6
codeql,vm.c,1067,cpp/unsigned-comparison-zero:1067,22,467,3,5,0.6
codeql,core.c,2469,cpp/memory-may-not-be-freed:2470,1,33,1,5,0.2
codeql,vm.c,488,cpp/memory-may-not-be-freed:488,3,41,2,5,0.4
codeql,compiler.c,2860,cpp/missing-null-test:2862,5,77,2,5,0.4
flawfinder,core.c,2121,buffer/strlen:2122,4,83,2,5,0.4
clang,debug.c,626,security.insecureAPI.DeprecatedOrUnsafeBufferHandling:631,32,167,3,5,0.6
semgrep-clang-flawfinder,cJSON.c,1393,buffer/strcpy:1393-c.lang.security.insecure-use-string-copy-fn.insecure-use-string-copy-fn:1393-security.insecureAPI.strcpy:1393,5,25,3,5,0.6
codeql,value.c,1191,cpp/conversion-changes-sign:1191,3,37,1,5,0.2
codeql,core.c,2383,cpp/memory-may-not-be-freed:2383,5,46,1,5,0.2
codeql,core.c,934,cpp/memory-may-not-be-freed:934-cpp/conversion-changes-sign:934,1,7,1,5,0.2
semgrep-clang,value.c,445,c.lang.security.insecure-use-memset.insecure-use-memset:450-security.insecureAPI.DeprecatedOrUnsafeBufferHandling:450,4,34,3,5,0.6
semgrep-clang-flawfinder,cJSON.c,1384,c.lang.security.insecure-use-string-copy-fn.insecure-use-string-copy-fn:1384-security.insecureAPI.strcpy:1384-buffer/strcpy:1384,5,25,3,5,0.6
clang-flawfinder,core.c,1777,security.insecureAPI.DeprecatedOrUnsafeBufferHandling:1778-buffer/memcpy:1778,2,21,3,5,0.6
infer,core.c,879,INTEGER_OVERFLOW_L2:880,1,7,1,5,0.2
codeql,compiler.c,2805,cpp/conversion-changes-sign:2805,5,77,2,5,0.4
flawfinder,std_path.c,169,buffer/strlen:169,1,21,1,5,0.2
flawfinder,cJSON.c,198,buffer/strlen:198,2,7,2,5,0.4
codeql,vm.c,1422,cpp/equality-on-floats:1424,22,467,3,5,0.6
flawfinder-clang,cJSON.c,1422,buffer/memcpy:1422-security.insecureAPI.DeprecatedOrUnsafeBufferHandling:1422,5,25,3,5,0.6
codeql,core.c,2250,cpp/conversion-changes-sign:2254-cpp/conversion-changes-sign:2253,4,21,1,5,0.2
semgrep-codeql-clang,value.c,445,cpp/conversion-changes-sign:487-cpp/conversion-changes-sign:480-cpp/conversion-changes-sign:470-security.insecureAPI.DeprecatedOrUnsafeBufferHandling:450-c.lang.security.insecure-use-memset.insecure-use-memset:450,4,34,3,5,0.6
flawfinder,debug.c,724,format/printf:727,3,11,1,5,0.2
infer,vm.c,502,INTEGER_OVERFLOW_L2:502,3,41,2,5,0.4
codeql-clang,argparse.h,447,cpp/conversion-changes-sign:450-security.insecureAPI.DeprecatedOrUnsafeBufferHandling:449,3,26,3,5,0.6
codeql-infer,cJSON.c,1443,cpp/missing-null-test:1494-INTEGER_OVERFLOW_L2:1501,2,39,2,5,0.4
flawfinder-clang,debug.c,205,buffer/sprintf:211-security.insecureAPI.DeprecatedOrUnsafeBufferHandling:211,3,26,3,5,0.6
flawfinder,term.h,567,buffer/fgetc:567,4,20,2,5,0.4
codeql,std_path.c,287,cpp/return-value-ignored:288,1,12,1,5,0.2
codeql,value.c,470,cpp/conversion-changes-sign:470,4,34,3,5,0.6
codeql,value.c,1208,cpp/conversion-changes-sign:1208-cpp/conversion-changes-sign:1209,3,37,1,5,0.2
codeql,vm.c,926,cpp/memory-may-not-be-freed:926,22,467,3,5,0.6
codeql,vm.c,1043,cpp/unsigned-comparison-zero:1044,22,467,3,5,0.6
flawfinder-codeql-clang,value.c,699,buffer/memcpy:719-security.insecureAPI.DeprecatedOrUnsafeBufferHandling:719-security.insecureAPI.DeprecatedOrUnsafeBufferHandling:724-cpp/missing-null-test:719-cpp/conversion-changes-sign:719-cpp/inconsistent-nullness-testing:719-buffer/memcpy:724,7,36,3,5,0.6
codeql,compiler.c,3023,cpp/conversion-changes-sign:3024,1,15,1,5,0.2
codeql,core.c,244,cpp/memory-may-not-be-freed:245,1,9,1,5,0.2
flawfinder,public.c,294,buffer/strlen:296,1,17,1,5,0.2
codeql,compiler.c,793,cpp/conversion-changes-sign:793,2,55,1,5,0.2
clang,cwalk.c,66,security.insecureAPI.DeprecatedOrUnsafeBufferHandling:66,1,5,1,5,0.2
codeql,std_io.c,207,cpp/equality-on-floats:214,4,47,2,5,0.4
clang-flawfinder,cJSON.c,1949,buffer/memcpy:1949-security.insecureAPI.DeprecatedOrUnsafeBufferHandling:1949,1,9,2,5,0.4
flawfinder,vm.c,350,buffer/strlen:352-buffer/strlen:351,2,5,1,5,0.2
codeql,cJSON.c,565,cpp/equality-on-floats:565,6,23,3,5,0.6
codeql,value.c,779,cpp/memory-may-not-be-freed:779,2,24,1,5,0.2
codeql,cJSON.c,1494,cpp/missing-null-test:1494,2,39,2,5,0.4
flawfinder,std_path.c,72,buffer/strlen:73-buffer/strlen:72,4,6,3,5,0.6
codeql,term.h,549,cpp/conversion-changes-sign:549,4,20,2,5,0.4
flawfinder,public.c,204,buffer/strlen:204,1,11,1,5,0.2
flawfinder,std_os.c,288,buffer/getenv:288,1,8,1,5,0.2
flawfinder,value.c,1313,buffer/strlen:1316-buffer/strlen:1325,2,10,1,5,0.2
codeql,compiler.c,2603,cpp/memory-may-not-be-freed:2611,3,45,1,5,0.2
codeql-clang,value.c,32,security.insecureAPI.DeprecatedOrUnsafeBufferHandling:32-cpp/conversion-changes-sign:32,1,1,2,5,0.4
flawfinder,value.c,1725,buffer/strlen:1728,14,143,3,5,0.6
codeql-clang,term.h,970,security.insecureAPI.DeprecatedOrUnsafeBufferHandling:970-cpp/conversion-changes-sign:970,2,5,2,5,0.4
flawfinder,main.c,107,format/fprintf:107,2,31,1,5,0.2
codeql,vm.c,1066,cpp/unsigned-comparison-zero:1067,22,467,3,5,0.6
codeql-flawfinder,core.c,1408,cpp/missing-null-test:1412-buffer/strlen:1412,4,42,3,5,0.6
flawfinder,term.h,592,format/fprintf:592,1,2,1,5,0.2
infer,public.c,322,INTEGER_OVERFLOW_L2:322,1,4,1,5,0.2
flawfinder,cJSON.c,532,buffer/strlen:534,1,4,1,5,0.2
codeql,debug.c,361,cpp/unsigned-comparison-zero:361,32,167,3,5,0.6
codeql,compiler.c,1902,cpp/conversion-changes-sign:1907,2,41,1,5,0.2
codeql,cJSON.c,2653,cpp/missing-null-test:2653,1,15,1,5,0.2
flawfinder,argparse.h,197,format/fprintf:197,2,5,1,5,0.2
flawfinder,std_path.c,215,race/access:215,1,1,1,5,0.2
clang,debug.c,406,security.insecureAPI.DeprecatedOrUnsafeBufferHandling:407,32,167,3,5,0.6
codeql,term.h,1002,cpp/integer-overflow-tainted:1002-cpp/conversion-changes-sign:1002,6,17,2,5,0.4
flawfinder,argparse.h,482,buffer/strlen:497-buffer/strlen:499-buffer/strlen:491-buffer/strlen:494,18,48,2,5,0.4
clang,debug.c,416,security.insecureAPI.DeprecatedOrUnsafeBufferHandling:417,32,167,3,5,0.6
codeql,core.c,670,cpp/memory-may-not-be-freed:670,2,15,1,5,0.2
flawfinder,public.c,1109,buffer/fgetc:1109,2,13,2,5,0.4
codeql,vm.c,1034,cpp/unsigned-comparison-zero:1035,22,467,3,5,0.6
codeql-clang,core.c,122,security.insecureAPI.DeprecatedOrUnsafeBufferHandling:122-cpp/global-use-before-init:122,1,1,2,5,0.4
codeql,public.c,660,cpp/equality-on-floats:660,1,9,1,5,0.2
codeql,debug.c,513,cpp/unsigned-comparison-zero:514,32,167,3,5,0.6
codeql,core.c,830,cpp/memory-may-not-be-freed:830,2,22,1,5,0.2
codeql,utils.c,127,cpp/conversion-changes-sign:128-cpp/integer-overflow-tainted:128,1,4,1,5,0.2
codeql,core.c,1009,cpp/equality-on-floats:1010,1,3,1,5,0.2
flawfinder,term.h,478,format/fprintf:478,1,16,1,5,0.2
flawfinder,argparse.h,493,buffer/strlen:494,18,48,2,5,0.4
codeql,vm.c,1424,cpp/equality-on-floats:1424,22,467,3,5,0.6
codeql,vm.c,1110,cpp/unsigned-comparison-zero:1111,22,467,3,5,0.6
flawfinder,main.c,124,format/printf:124,2,31,1,5,0.2
clang-flawfinder,value.c,823,security.insecureAPI.DeprecatedOrUnsafeBufferHandling:825-buffer/memcpy:825-buffer/strlen:824,4,31,2,5,0.4
infer,cwalk.c,852,INTEGER_OVERFLOW_L2:852,1,32,1,5,0.2
codeql,vm.c,471,cpp/memory-may-not-be-freed:471,3,41,2,5,0.4
codeql,debug.c,462,cpp/conversion-changes-sign:462,32,167,3,5,0.6
codeql,compiler.c,2978,cpp/conversion-changes-sign:2979,2,28,2,5,0.4
clang-flawfinder,value.c,302,buffer/memcpy:304-security.insecureAPI.DeprecatedOrUnsafeBufferHandling:304,1,5,2,5,0.4
flawfinder,argparse.h,176,buffer/strlen:176,1,2,1,5,0.2
codeql,compiler.c,1932,cpp/conversion-changes-sign:1935,2,41,1,5,0.2
codeql,vm.c,1035,cpp/unsigned-comparison-zero:1035,22,467,3,5,0.6
flawfinder-codeql-clang,value.c,1683,cpp/conversion-changes-sign:1693-format/snprintf:1689-security.insecureAPI.DeprecatedOrUnsafeBufferHandling:1689-security.insecureAPI.DeprecatedOrUnsafeBufferHandling:1686-format/snprintf:1686-cpp/conversion-changes-sign:1695,14,143,3,5,0.6
flawfinder,public.c,1123,misc/fopen:1123,3,13,2,5,0.4
semgrep-clang,cJSON.c,1190,c.lang.security.insecure-use-memset.insecure-use-memset:1193-security.insecureAPI.DeprecatedOrUnsafeBufferHandling:1193,2,24,3,5,0.6
codeql-flawfinder,argparse.h,526,cpp/conversion-changes-sign:526-format/fprintf:526,18,48,2,5,0.4
codeql,value.c,769,cpp/memory-may-not-be-freed:769,2,24,1,5,0.2
flawfinder-clang,debug.c,196,buffer/sprintf:198-security.insecureAPI.DeprecatedOrUnsafeBufferHandling:198,3,26,3,5,0.6
infer,cJSON.c,1500,INTEGER_OVERFLOW_L2:1501,2,39,2,5,0.4
codeql,compiler.c,3072,cpp/conversion-changes-sign:3073,2,23,1,5,0.2
clang,debug.c,519,security.insecureAPI.DeprecatedOrUnsafeBufferHandling:519,32,167,3,5,0.6
codeql,term.h,991,cpp/conversion-changes-sign:991-cpp/conversion-changes-sign:992,6,17,2,5,0.4
codeql,term.h,797,cpp/conversion-changes-sign:797,2,9,1,5,0.2
codeql,std_io.c,259,cpp/conversion-changes-sign:259,4,47,2,5,0.4
codeql,core.c,2154,cpp/memory-may-not-be-freed:2154,4,83,2,5,0.4
codeql,vm.c,933,cpp/memory-may-not-be-freed:933,22,467,3,5,0.6
codeql-clang,value.c,31,security.insecureAPI.DeprecatedOrUnsafeBufferHandling:31-cpp/conversion-changes-sign:31,1,1,2,5,0.4
flawfinder,compiler.c,1365,buffer/strlen:1365,1,5,1,5,0.2
flawfinder-clang,cJSON.c,578,buffer/sprintf:578-security.insecureAPI.DeprecatedOrUnsafeBufferHandling:578,6,23,3,5,0.6
semgrep-clang,public.c,96,security.insecureAPI.DeprecatedOrUnsafeBufferHandling:97-c.lang.security.insecure-use-memset.insecure-use-memset:97,1,12,2,5,0.4
flawfinder-clang,cJSON.c,127,buffer/sprintf:127-security.insecureAPI.DeprecatedOrUnsafeBufferHandling:127,1,2,2,5,0.4
codeql,compiler.c,2498,cpp/conversion-changes-sign:2501,1,5,1,5,0.2
codeql,compiler.c,863,cpp/conversion-changes-sign:885,2,62,1,5,0.2
codeql,vm.c,1427,cpp/equality-on-floats:1432,22,467,3,5,0.6
codeql,core.c,928,cpp/memory-may-not-be-freed:928,1,7,1,5,0.2
codeql,value.c,1449,cpp/equality-on-floats:1449,1,28,1,5,0.2
codeql,public.c,1018,cpp/memory-may-not-be-freed:1019,2,27,1,5,0.2
codeql,public.c,383,cpp/memory-may-not-be-freed:383,4,39,2,5,0.4
codeql,value.c,1291,cpp/conversion-changes-sign:1293,2,11,1,5,0.2
codeql,core.c,194,cpp/memory-may-not-be-freed:194,2,27,1,5,0.2
codeql,core.c,842,cpp/memory-may-not-be-freed:842,1,14,1,5,0.2
codeql-flawfinder,std_time.c,38,cpp/return-value-ignored:39-obsolete/usleep:46-cpp/conditionally-uninitialized-variable:39,2,4,2,5,0.4
flawfinder-clang,value.c,831,buffer/memcpy:832-security.insecureAPI.DeprecatedOrUnsafeBufferHandling:832,4,31,2,5,0.4
clang,vm.c,1265,core.NullDereference:1266,22,467,3,5,0.6
flawfinder,argparse.h,199,format/fprintf:199,2,5,1,5,0.2
codeql,public.c,717,cpp/conversion-changes-sign:717,1,5,1,5,0.2
codeql,vm.c,1378,cpp/equality-on-floats:1378,22,467,3,5,0.6
codeql-infer,public.c,396,INTEGER_OVERFLOW_L2:406-cpp/memory-may-not-be-freed:396,4,39,2,5,0.4
flawfinder-clang,debug.c,238,security.insecureAPI.DeprecatedOrUnsafeBufferHandling:241-buffer/sprintf:241,1,23,2,5,0.4
codeql,compiler.c,885,cpp/conversion-changes-sign:885,2,62,1,5,0.2
codeql-flawfinder-clang,std_os.c,165,race/readlink:167-buffer/sprintf:166-cpp/conversion-changes-sign:167-security.insecureAPI.DeprecatedOrUnsafeBufferHandling:166,2,6,3,5,0.6
flawfinder,std_path.c,424,buffer/strlen:424,3,23,3,5,0.6
flawfinder-clang,value.c,311,security.insecureAPI.DeprecatedOrUnsafeBufferHandling:317-security.insecureAPI.DeprecatedOrUnsafeBufferHandling:313-format/snprintf:313-format/snprintf:317,2,9,2,5,0.4
flawfinder-codeql-clang,debug.c,88,cpp/conversion-changes-sign:166-cpp/conversion-changes-sign:158-format/snprintf:91-cpp/conversion-changes-sign:122-security.insecureAPI.DeprecatedOrUnsafeBufferHandling:91,8,82,3,5,0.6
clang-flawfinder,cJSON.c,1228,security.insecureAPI.DeprecatedOrUnsafeBufferHandling:1228-buffer/memcpy:1228,2,24,3,5,0.6
flawfinder,argparse.h,461,format/fprintf:461,18,48,2,5,0.4
codeql,value.c,391,cpp/conversion-changes-sign:392,3,28,3,5,0.6
codeql,debug.c,268,cpp/memory-may-not-be-freed:268,1,4,1,5,0.2
flawfinder,public.c,1137,input/fread:1138,3,13,2,5,0.4
semgrep-codeql-clang-infer,public.c,121,BUFFER_OVERRUN_L2:138-security.insecureAPI.DeprecatedOrUnsafeBufferHandling:126-c.lang.security.insecure-use-memset.insecure-use-memset:126-cpp/conversion-changes-sign:132,3,20,4,5,0.8
codeql,core.c,806,cpp/conversion-changes-sign:816,2,22,1,5,0.2
codeql,utils.c,179,cpp/conversion-changes-sign:179,3,43,2,5,0.4
codeql,core.c,2361,cpp/memory-may-not-be-freed:2361,5,46,1,5,0.2
clang,debug.c,382,security.insecureAPI.DeprecatedOrUnsafeBufferHandling:382,32,167,3,5,0.6
flawfinder-clang,std_path.c,133,buffer/memcpy:134-security.insecureAPI.DeprecatedOrUnsafeBufferHandling:134,2,7,3,5,0.6
codeql-clang,core.c,123,cpp/global-use-before-init:123-security.insecureAPI.DeprecatedOrUnsafeBufferHandling:123,1,1,2,5,0.4
codeql,public.c,1129,cpp/conversion-changes-sign:1130,3,13,2,5,0.4
codeql-flawfinder-clang,value.c,1552,cpp/conversion-changes-sign:1554-cpp/potential-buffer-overflow:1553-buffer/sprintf:1553-security.insecureAPI.DeprecatedOrUnsafeBufferHandling:1553-cpp/overrunning-write:1553,14,143,3,5,0.6
semgrep-clang,std_types.c,225,security.insecureAPI.DeprecatedOrUnsafeBufferHandling:226-c.lang.security.insecure-use-memset.insecure-use-memset:226,1,3,2,5,0.4
codeql,std_types.c,155,cpp/equality-on-floats:155,1,11,1,5,0.2
semgrep-clang-flawfinder,std_path.c,447,c.lang.security.insecure-use-string-copy-fn.insecure-use-string-copy-fn:447-security.insecureAPI.strcpy:447-buffer/strcpy:447,3,23,3,5,0.6
flawfinder,std_os.c,270,shell/system:271,1,9,1,5,0.2
codeql,public.c,424,cpp/memory-may-not-be-freed:434,4,39,2,5,0.4
codeql-flawfinder,argparse.h,523,format/fprintf:523-cpp/conversion-changes-sign:523,18,48,2,5,0.4
codeql,std_types.c,181,cpp/equality-on-floats:181,2,18,1,5,0.2
codeql,vm.c,1069,cpp/memory-may-not-be-freed:1071,22,467,3,5,0.6
codeql,core.c,613,cpp/memory-may-not-be-freed:613,3,16,1,5,0.2
flawfinder-clang,cJSON.c,567,security.insecureAPI.DeprecatedOrUnsafeBufferHandling:567-buffer/sprintf:567,6,23,3,5,0.6
clang,debug.c,448,security.insecureAPI.DeprecatedOrUnsafeBufferHandling:449,32,167,3,5,0.6
codeql,core.c,1875,cpp/memory-may-not-be-freed:1875,2,11,1,5,0.2
codeql,std_io.c,214,cpp/equality-on-floats:214,4,47,2,5,0.4
flawfinder-clang,debug.c,90,security.insecureAPI.DeprecatedOrUnsafeBufferHandling:91-format/snprintf:91,8,82,3,5,0.6
flawfinder,argparse.h,470,format/fprintf:470,18,48,2,5,0.4
codeql,std_types.c,111,cpp/conversion-changes-sign:111,2,23,1,5,0.2
codeql,vm.c,613,cpp/conversion-changes-sign:617-cpp/conversion-changes-sign:618,2,20,1,5,0.2
codeql,value.c,392,cpp/conversion-changes-sign:392,3,28,3,5,0.6
codeql,value.c,329,cpp/conversion-changes-sign:329,1,10,1,5,0.2
codeql,core.c,60,cpp/equality-on-floats:60,1,7,1,5,0.2
codeql,utils.c,286,cpp/conversion-changes-sign:286,1,19,1,5,0.2
flawfinder,argparse.h,513,format/fprintf:514,18,48,2,5,0.4
codeql,core.c,2028,cpp/unsigned-comparison-zero:2028,4,83,2,5,0.4
codeql,compiler.c,3049,cpp/conversion-changes-sign:3073-cpp/conversion-changes-sign:3056,2,23,1,5,0.2
flawfinder,core.c,2122,buffer/strlen:2122,4,83,2,5,0.4
codeql,vm.c,1018,cpp/unsigned-comparison-zero:1019,22,467,3,5,0.6
codeql,core.c,2244,cpp/equality-on-floats:2244,4,21,1,5,0.2
semgrep-codeql-clang,value.c,512,cpp/conversion-changes-sign:535-security.insecureAPI.DeprecatedOrUnsafeBufferHandling:517-c.lang.security.insecure-use-memset.insecure-use-memset:517-cpp/conversion-changes-sign:533-cpp/conversion-changes-sign:532,4,18,3,5,0.6
codeql,debug.c,529,cpp/unsigned-comparison-zero:529,32,167,3,5,0.6
codeql,compiler.c,2411,cpp/conversion-changes-sign:2413,1,4,1,5,0.2
codeql,compiler.c,3173,cpp/conversion-changes-sign:3197,1,34,1,5,0.2
codeql,vm.c,554,cpp/conversion-changes-sign:554,4,16,2,5,0.4
codeql,std_dummy.c,90,cpp/equality-on-floats:91,1,5,1,5,0.2
infer,std_json.c,169,INTEGER_OVERFLOW_L2:169,1,10,1,5,0.2
codeql,public.c,231,cpp/memory-may-not-be-freed:231,1,6,1,5,0.2
codeql,debug.c,156,cpp/conversion-changes-sign:158,8,82,3,5,0.6
infer,std_io.c,188,RESOURCE_LEAK:191,2,30,2,5,0.4
codeql,core.c,245,cpp/memory-may-not-be-freed:245,1,9,1,5,0.2
codeql-flawfinder,vm.c,863,cpp/unsigned-comparison-zero:1027-cpp/memory-may-not-be-freed:933-shell/system:873-cpp/unsigned-comparison-zero:1067-cpp/unsigned-comparison-zero:1111-cpp/memory-may-not-be-freed:926-cpp/unsigned-comparison-zero:889-cpp/memory-may-not-be-freed:1071-cpp/unsigned-comparison-zero:1044-cpp/unsigned-comparison-zero:1035-cpp/unsigned-comparison-zero:1019,22,467,3,5,0.6
flawfinder,argparse.h,491,buffer/strlen:491,18,48,2,5,0.4
flawfinder,cJSON.c,408,buffer/strlen:408,2,12,3,5,0.6
codeql,core.c,424,cpp/memory-may-not-be-freed:424,1,15,1,5,0.2
codeql,term.h,969,cpp/conversion-changes-sign:969,2,5,2,5,0.4
codeql,value.c,1588,cpp/conversion-changes-sign:1590-cpp/conversion-changes-sign:1592,14,143,3,5,0.6
codeql,compiler.c,2635,cpp/missing-null-test:2637,3,45,1,5,0.2
semgrep-clang,cJSON.c,246,security.insecureAPI.DeprecatedOrUnsafeBufferHandling:246-c.lang.security.insecure-use-memset.insecure-use-memset:246,1,5,2,5,0.4
codeql,debug.c,711,cpp/conversion-changes-sign:711,3,13,2,5,0.4
codeql-flawfinder,debug.c,710,format/printf:714-format/printf:716-cpp/conversion-changes-sign:711,3,13,2,5,0.4
codeql,value.c,324,cpp/conversion-changes-sign:329,1,10,1,5,0.2
codeql,core.c,2300,cpp/conversion-changes-sign:2300,2,12,1,5,0.2
infer,cJSON.c,1120,INTEGER_OVERFLOW_L2:1120,2,29,1,5,0.2
flawfinder-clang,cJSON.c,575,buffer/sscanf:575-security.insecureAPI.DeprecatedOrUnsafeBufferHandling:575,6,23,3,5,0.6
codeql,vm.c,1026,cpp/unsigned-comparison-zero:1027,22,467,3,5,0.6
codeql-infer,vm.c,561,INTEGER_OVERFLOW_L2:564-cpp/conversion-changes-sign:566-cpp/conversion-changes-sign:565,4,16,2,5,0.4
infer,cJSON.c,1676,INTEGER_OVERFLOW_L2:1677,4,46,2,5,0.4
flawfinder,value.c,1717,buffer/strlen:1719,14,143,3,5,0.6
flawfinder,argparse.h,462,format/fprintf:463,18,48,2,5,0.4
codeql,core.c,1775,cpp/memory-may-not-be-freed:1775,2,21,3,5,0.6
codeql,vm.c,376,cpp/conversion-changes-sign:376,1,25,1,5,0.2
codeql,term.h,995,cpp/conversion-changes-sign:995,6,17,2,5,0.4
codeql,core.c,187,cpp/memory-may-not-be-freed:187,2,27,1,5,0.2
codeql,value.c,478,cpp/conversion-changes-sign:487-cpp/conversion-changes-sign:480,4,34,3,5,0.6
codeql,compiler.c,596,cpp/global-use-before-init:596,1,9,1,5,0.2
codeql,cJSON.c,2613,cpp/missing-null-test:2613,1,15,1,5,0.2
semgrep-clang-flawfinder,cJSON.c,924,c.lang.security.insecure-use-string-copy-fn.insecure-use-string-copy-fn:924-buffer/strcpy:924-security.insecureAPI.strcpy:924,3,45,3,5,0.6
codeql,value.c,1285,cpp/conversion-changes-sign:1286,2,11,1,5,0.2
clang,debug.c,563,security.insecureAPI.DeprecatedOrUnsafeBufferHandling:572-security.insecureAPI.DeprecatedOrUnsafeBufferHandling:569,32,167,3,5,0.6
codeql,cJSON.c,2693,cpp/missing-null-test:2693,1,15,1,5,0.2
flawfinder,core.c,1558,buffer/strlen:1558,1,10,1,5,0.2
flawfinder,argparse.h,441,format/fprintf:442,3,26,3,5,0.6
codeql,vm.c,889,cpp/unsigned-comparison-zero:889,22,467,3,5,0.6
codeql-infer,public.c,955,cpp/conversion-changes-sign:955-INTEGER_OVERFLOW_L2:955,1,12,2,5,0.4
infer,compiler.c,1003,UNINITIALIZED_VALUE:1008,1,6,1,5,0.2
clang-flawfinder,value.c,1765,security.insecureAPI.DeprecatedOrUnsafeBufferHandling:1775-format/snprintf:1775,14,143,3,5,0.6
codeql,debug.c,514,cpp/unsigned-comparison-zero:514,32,167,3,5,0.6
infer,core.c,2185,INTEGER_OVERFLOW_L2:2185,2,27,2,5,0.4
codeql-flawfinder,std_io.c,251,cpp/conversion-changes-sign:252-input/fread:252,4,47,2,5,0.4
clang,argparse.h,371,security.insecureAPI.DeprecatedOrUnsafeBufferHandling:371,1,7,1,5,0.2
codeql,core.c,2322,cpp/conversion-changes-sign:2322,1,9,1,5,0.2
codeql,vm.c,1111,cpp/unsigned-comparison-zero:1111,22,467,3,5,0.6
codeql,core.c,2356,cpp/memory-may-not-be-freed:2356,5,46,1,5,0.2
codeql,std_io.c,248,cpp/memory-may-not-be-freed:248,4,47,2,5,0.4
codeql,core.c,677,cpp/memory-may-not-be-freed:677,2,15,1,5,0.2
codeql,core.c,390,cpp/memory-may-not-be-freed:391,4,28,1,5,0.2
infer,value.c,1119,INTEGER_OVERFLOW_L1:1121,1,17,1,5,0.2
codeql,core.c,2398,cpp/memory-may-not-be-freed:2398-cpp/missing-null-test:2399,5,46,1,5,0.2
infer,public.c,338,INTEGER_OVERFLOW_L1:338,1,8,1,5,0.2
codeql,utils.c,195,cpp/conversion-changes-sign:205,3,43,2,5,0.4
flawfinder-codeql-clang,value.c,733,buffer/memcpy:734-security.insecureAPI.DeprecatedOrUnsafeBufferHandling:734-cpp/conversion-changes-sign:733-cpp/conversion-changes-sign:738,7,36,3,5,0.6
codeql,argparse.h,187,cpp/integer-overflow-tainted:187,1,5,1,5,0.2
codeql,value.c,688,cpp/conversion-changes-sign:697-cpp/conversion-changes-sign:688,7,36,3,5,0.6
codeql,core.c,366,cpp/memory-may-not-be-freed:367,4,28,1,5,0.2
codeql-flawfinder,public.c,271,cpp/memory-may-not-be-freed:271-buffer/strlen:271,1,16,2,5,0.4
clang,public.c,676,security.insecureAPI.DeprecatedOrUnsafeBufferHandling:676,1,10,1,5,0.2
semgrep-clang,value.c,549,c.lang.security.insecure-use-memset.insecure-use-memset:550-security.insecureAPI.DeprecatedOrUnsafeBufferHandling:550,1,12,2,5,0.4
codeql,compiler.c,3051,cpp/conversion-changes-sign:3056,2,23,1,5,0.2
codeql,core.c,517,cpp/memory-may-not-be-freed:517,1,3,1,5,0.2
codeql,vm.c,166,cpp/conversion-changes-sign:167,1,33,1,5,0.2
codeql,value.c,393,cpp/conversion-changes-sign:393,3,28,3,5,0.6
codeql,core.c,227,cpp/memory-may-not-be-freed:228,1,9,1,5,0.2
codeql,cJSON.c,1652,cpp/missing-null-test:1652,4,46,2,5,0.4
clang,public.c,705,security.insecureAPI.DeprecatedOrUnsafeBufferHandling:705,1,9,1,5,0.2
codeql,value.c,464,cpp/conversion-changes-sign:470,4,34,3,5,0.6
flawfinder,public.c,461,buffer/strlen:462,1,7,1,5,0.2
flawfinder,std_io.c,315,buffer/fgetc:315,1,24,1,5,0.2
flawfinder,vm.c,351,buffer/strlen:352-buffer/strlen:351,2,5,1,5,0.2
codeql,debug.c,161,cpp/conversion-changes-sign:166,8,82,3,5,0.6
codeql-flawfinder,argparse.h,518,cpp/conversion-changes-sign:518-format/fprintf:518,18,48,2,5,0.4
flawfinder-infer,core.c,1429,buffer/strlen:1441-INTEGER_OVERFLOW_L2:1429,4,42,3,5,0.6
codeql,debug.c,189,cpp/conversion-changes-sign:192,3,26,3,5,0.6
flawfinder,argparse.h,465,format/fprintf:465,18,48,2,5,0.4
flawfinder,value.c,802,buffer/strlen:802,4,31,2,5,0.4
flawfinder,argparse.h,541,format/fprintf:541,18,48,2,5,0.4
semgrep-clang-flawfinder,cJSON.c,410,c.lang.security.insecure-use-string-copy-fn.insecure-use-string-copy-fn:410-buffer/strcpy:410-security.insecureAPI.strcpy:410,2,12,3,5,0.6
clang,debug.c,549,security.insecureAPI.DeprecatedOrUnsafeBufferHandling:553,32,167,3,5,0.6
semgrep-codeql-clang,value.c,412,cpp/conversion-changes-sign:417-cpp/conversion-changes-sign:412-security.insecureAPI.DeprecatedOrUnsafeBufferHandling:417-c.lang.security.insecure-use-memset.insecure-use-memset:417,2,5,3,5,0.6
flawfinder,compiler.c,2282,buffer/strlen:2282,2,19,2,5,0.4
codeql,core.c,1333,cpp/memory-may-not-be-freed:1333,2,15,1,5,0.2
codeql,debug.c,121,cpp/conversion-changes-sign:122,8,82,3,5,0.6
codeql,compiler.c,2161,cpp/conversion-changes-sign:2168,1,25,1,5,0.2
codeql,std_types.c,177,cpp/equality-on-floats:177,2,18,1,5,0.2
flawfinder,vm.c,865,shell/system:873,22,467,3,5,0.6
codeql,vm.c,1377,cpp/equality-on-floats:1378,22,467,3,5,0.6
codeql,core.c,2244,cpp/equality-on-floats:2245-cpp/equality-on-floats:2244,4,21,1,5,0.2
codeql,core.c,608,cpp/memory-may-not-be-freed:608,3,16,1,5,0.2
flawfinder,argparse.h,499,buffer/strlen:499,18,48,2,5,0.4
clang,term.h,393,security.insecureAPI.DeprecatedOrUnsafeBufferHandling:393,1,7,1,5,0.2
clang,debug.c,587,security.insecureAPI.DeprecatedOrUnsafeBufferHandling:587,32,167,3,5,0.6
flawfinder-clang,public.c,1113,buffer/memcpy:1116-security.insecureAPI.DeprecatedOrUnsafeBufferHandling:1116,2,13,2,5,0.4
codeql,vm.c,888,cpp/unsigned-comparison-zero:889,22,467,3,5,0.6
clang-flawfinder,debug.c,345,security.insecureAPI.DeprecatedOrUnsafeBufferHandling:346-buffer/strlen:350,32,167,3,5,0.6
clang,debug.c,469,security.insecureAPI.DeprecatedOrUnsafeBufferHandling:469,32,167,3,5,0.6
clang-flawfinder,debug.c,34,security.insecureAPI.DeprecatedOrUnsafeBufferHandling:43-format/snprintf:43-format/snprintf:52-security.insecureAPI.DeprecatedOrUnsafeBufferHandling:52,8,82,3,5,0.6
codeql,value.c,183,cpp/conversion-changes-sign:188,3,75,1,5,0.2
codeql,term.h,548,cpp/conversion-changes-sign:549,4,20,2,5,0.4
codeql,core.c,379,cpp/memory-may-not-be-freed:380,4,28,1,5,0.2
codeql,value.c,945,cpp/conversion-changes-sign:945,1,7,1,5,0.2
codeql,compiler.c,840,cpp/conversion-changes-sign:841,1,11,1,5,0.2
codeql,public.c,930,cpp/conversion-changes-sign:930,2,12,2,5,0.4
clang-flawfinder,public.c,605,buffer/sprintf:605-security.insecureAPI.DeprecatedOrUnsafeBufferHandling:605,2,10,2,5,0.4
codeql,value.c,532,cpp/conversion-changes-sign:533-cpp/conversion-changes-sign:532,4,18,3,5,0.6
semgrep-codeql-clang,value.c,370,security.insecureAPI.DeprecatedOrUnsafeBufferHandling:371-cpp/conversion-changes-sign:392-cpp/conversion-changes-sign:393-c.lang.security.insecure-use-memset.insecure-use-memset:371,3,28,3,5,0.6
flawfinder-codeql-clang,debug.c,52,cpp/conversion-changes-sign:56-format/snprintf:52-security.insecureAPI.DeprecatedOrUnsafeBufferHandling:52-security.insecureAPI.DeprecatedOrUnsafeBufferHandling:57-cpp/conversion-changes-sign:57-format/snprintf:57,8,82,3,5,0.6
infer,public.c,252,INTEGER_OVERFLOW_L2:252,1,4,1,5,0.2
infer,vm.c,422,INTEGER_OVERFLOW_L2:429,1,17,1,5,0.2
flawfinder,cwalk.c,1397,buffer/strlen:1397,1,13,1,5,0.2
codeql,std_json.c,62,cpp/memory-may-not-be-freed:63,3,33,1,5,0.2
codeql,std_json.c,43,cpp/memory-may-not-be-freed:43,3,33,1,5,0.2
codeql,vm.c,1196,cpp/missing-null-test:1201,22,467,3,5,0.6
flawfinder,cwalk.c,1117,buffer/strlen:1131,1,23,1,5,0.2
codeql,public.c,858,cpp/memory-may-not-be-freed:858,1,9,1,5,0.2
codeql,std_json.c,63,cpp/memory-may-not-be-freed:63,3,33,1,5,0.2
codeql,value.c,738,cpp/conversion-changes-sign:738,7,36,3,5,0.6
clang-flawfinder,cJSON.c,204,security.insecureAPI.DeprecatedOrUnsafeBufferHandling:204-buffer/memcpy:204,2,7,2,5,0.4
codeql,vm.c,1207,cpp/missing-null-test:1213,22,467,3,5,0.6
flawfinder-clang,core.c,491,buffer/sprintf:492-security.insecureAPI.DeprecatedOrUnsafeBufferHandling:492,1,12,2,5,0.4
codeql,core.c,1002,cpp/equality-on-floats:1003,1,3,1,5,0.2
codeql,core.c,228,cpp/memory-may-not-be-freed:228,1,9,1,5,0.2
codeql,vm.c,1044,cpp/unsigned-comparison-zero:1044,22,467,3,5,0.6
flawfinder-clang,vm.c,182,security.insecureAPI.DeprecatedOrUnsafeBufferHandling:183-buffer/sprintf:183,1,25,2,5,0.4
codeql,value.c,232,cpp/conversion-changes-sign:232,3,75,1,5,0.2
flawfinder,utils.c,148,buffer/strlen:148,3,43,2,5,0.4
flawfinder,cJSON.c,1089,buffer/strlen:1089,1,4,1,5,0.2
flawfinder,term.h,526,format/fprintf:526-format/fprintf:527,2,3,1,5,0.2
codeql-clang,debug.c,611,cpp/conversion-changes-sign:615-security.insecureAPI.DeprecatedOrUnsafeBufferHandling:613-security.insecureAPI.DeprecatedOrUnsafeBufferHandling:615,32,167,3,5,0.6
codeql-infer,cJSON.c,1603,INTEGER_OVERFLOW_L2:1664-INTEGER_OVERFLOW_L2:1659-cpp/missing-null-test:1652-INTEGER_OVERFLOW_L2:1677,4,46,2,5,0.4
flawfinder-clang,cJSON.c,515,security.insecureAPI.DeprecatedOrUnsafeBufferHandling:515-buffer/memcpy:515,1,27,2,5,0.4
codeql,debug.c,360,cpp/unsigned-comparison-zero:361,32,167,3,5,0.6
clang,value.c,571,security.FloatLoopCounter:573,1,8,1,5,0.2
flawfinder-clang,cJSON.c,572,security.insecureAPI.DeprecatedOrUnsafeBufferHandling:572-buffer/sscanf:575-security.insecureAPI.DeprecatedOrUnsafeBufferHandling:575-buffer/sprintf:572,6,23,3,5,0.6
codeql,std_types.c,146,cpp/missing-null-test:147,2,23,1,5,0.2
